review,rating,date,bank
"Very bad customer service line. they won't pick up, dialed repeatedly. waited on hold for 20 minutes+. The worst customer service line I have experienced from a big bank.",1,2026-05-12,Dashen Bank
smart app,5,2026-05-12,Dashen Bank
The application booting time is so bad..,3,2026-05-12,Dashen Bank
good,5,2026-05-12,Dashen Bank
excelent,5,2026-05-12,Dashen Bank
this app is amaizing,5,2026-05-11,Dashen Bank
fast and very easy to use,5,2026-05-11,Dashen Bank
good but it takes forever to load,4,2026-05-11,Dashen Bank
easy tp use.,5,2026-05-11,Dashen Bank
best app i ever seen,5,2026-05-11,Dashen Bank
it is best but sometime when I need to sign in it request update,3,2026-05-10,Dashen Bank
nice financial app 👌,5,2026-05-10,Dashen Bank
it is terrible and shame update request 3 times a month what is the matter with us?,1,2026-05-09,Dashen Bank
Dashen super app is the latest mobile banking.,5,2026-05-09,Dashen Bank
best but not staple suit and not fast,5,2026-05-09,Dashen Bank
best app,5,2026-05-09,Dashen Bank
appn keessan kun daddafee update gaafata yeroo gootee garuu password block godhaa maallifi,5,2026-05-09,Dashen Bank
"Dashen Supper up Dashen Bank ,Always one step ahead!",5,2026-05-08,Dashen Bank
top mobile banking app,5,2026-05-08,Dashen Bank
Thank you Dashen Bank,5,2026-05-08,Dashen Bank
dashin bank one step a head,5,2026-05-08,Dashen Bank
Good,5,2026-05-08,Dashen Bank
Nice,5,2026-05-08,Dashen Bank
ምንም አይሰራም 🥹,5,2026-05-08,Dashen Bank
nice bank,5,2026-05-08,Dashen Bank
good app,5,2026-05-08,Dashen Bank
The best mobile super app in Ethiopia specifically I like it's User interface(UI),4,2026-05-08,Dashen Bank
Best app👍,5,2026-05-04,Dashen Bank
yes goode app,5,2026-05-04,Dashen Bank
very interesting,5,2026-05-03,Dashen Bank
Wrong advertisement! You can't open an account using the app.,1,2026-05-01,Dashen Bank
I like it,5,2026-05-01,Dashen Bank
best,5,2026-04-30,Dashen Bank
I can't open a bank account It says 'something went wrong',5,2026-04-30,Dashen Bank
ok,5,2026-04-30,Dashen Bank
"👍👍 አሪፍ ነው ""ለአጠቃም ቀላል ምቹ እና አስተማማኝ ነው ተመችቶኛል 💚💛❤️",5,2026-04-30,Dashen Bank
no faset dashen bsnk,1,2026-04-29,Dashen Bank
it forgets the password in weeks and the biometric password too it says wrong password fix it,1,2026-04-28,Dashen Bank
"Misguiding - Claimed people can convert ETB to USD for online payments, but not true.",1,2026-04-27,Dashen Bank
super,5,2026-04-27,Dashen Bank
"I can't even get into the app just because my Developer mode setting is turned on? why am I getting this message? I'm never turning it off. bye, what a great app😏, it only lasted 3 minutes on my phone (I uninstalled it).",1,2026-04-26,Dashen Bank
wowAmazing Apps,5,2026-04-26,Dashen Bank
great app,5,2026-04-26,Dashen Bank
couldn't open an account onlie. gives me an error repeatedly.,2,2026-04-26,Dashen Bank
I think this app is best compared with other Ethiopian mobile banking apps,5,2026-04-25,Dashen Bank
wow amazing!!!,5,2026-04-24,Dashen Bank
dashen bank super app is incredible !!,3,2026-04-24,Dashen Bank
So great easy wonderfully 😍😍😍,5,2026-04-24,Dashen Bank
nice,5,2026-04-24,Dashen Bank
Dashen app is #1,5,2026-04-23,Dashen Bank
cool app,3,2026-04-23,Dashen Bank
👍,5,2026-04-23,Dashen Bank
super app give alot coin when I shake it zero result😃,1,2026-04-23,Dashen Bank
I realy appreciate it especially virtual card opportunity go a head!👍👍,5,2026-04-23,Dashen Bank
ok👌,5,2026-04-23,Dashen Bank
adegn,5,2026-04-23,Dashen Bank
app size is small and the app is convenient,5,2026-04-22,Dashen Bank
when compared this app to CBE&Awash pro CBE&Awash pro is better and simple for using.,1,2026-04-22,Dashen Bank
I used this app always,5,2026-04-22,Dashen Bank
good bank Dashen,5,2026-04-22,Dashen Bank
Very reliable.,5,2026-04-22,Dashen Bank
Good app,5,2026-04-22,Dashen Bank
it is excellent and well securried application for using it.,5,2026-04-19,Dashen Bank
The worst mobile banking app ever... I don't think I am ever going to deposit anything from now on if I can't use the app properly. At one point it's working and when you close it and try after 5 minutes it won't even open. A bank this big should be ashamed of not being able to fix it for this long.,1,2026-04-18,Dashen Bank
amazing,5,2026-04-18,Dashen Bank
"i am not interested at all the transaction fee , specially i can't make transaction with wallets..........i thought it was cool ....not interested fix everything and also it have long time loading ufffff",2,2026-04-18,Dashen Bank
The app is not swift and does not use a fast lightweight connection.,2,2026-04-17,Dashen Bank
"I am experiencing a serious issue with the Dashen Super App. I visited a branch and my account was successfully activated. However, shortly after (within about 7 hours), the app started asking me again to visit the branch. In addition, my account balance is not showing even after updating the app, and I can no longer see my account number. This situation is very frustrating, especially after completing the required verification at the branch. The system does not seem stable and it is affecting",1,2026-04-16,Dashen Bank
nice but i ask every week to update.,5,2026-04-16,Dashen Bank
i have used this app starting from the first date that launched it is interested and easiest app next to tellbirr in my experience,5,2026-04-11,Dashen Bank
The worst mobile banking app in Ethiopia🤮🤮🤮,1,2026-04-10,Dashen Bank
it is very Exciting app🙏,5,2026-04-09,Dashen Bank
Transfer to other bank link is still not working .,5,2026-04-09,Dashen Bank
super fast,5,2026-04-08,Dashen Bank
👌👌👌👌,5,2026-04-08,Dashen Bank
it is not working,1,2026-04-07,Dashen Bank
where is the virtual master card you are talking about. are we allowed to have multiple cards since its virtual btw your app is nice,5,2026-04-06,Dashen Bank
Why haven’t you fixed this issue 👇 Temporarily Unavailable We're currently updating this service to improve your experience. It will be restored soon. Thank you for your patience,4,2026-04-06,Dashen Bank
The Best Bank,5,2026-04-05,Dashen Bank
great,5,2026-04-04,Dashen Bank
this dashin super app that I don't recommend anyone use it,1,2026-04-04,Dashen Bank
በዋይፋይ አይሰራም።,1,2026-04-04,Dashen Bank
there is no a system every day,1,2026-04-04,Dashen Bank
You talk much more !! Nothing is UNIQUE THAN OTHER APPS!!!,1,2026-04-04,Dashen Bank
nice app,4,2026-04-01,Dashen Bank
"The app is grand. but it's missing two things. one is the option to see exchange rates and the other is, when opening the app we would love it if there is the option to input your biometrics directly instead of clicking another button to pop it up.",5,2026-03-31,Dashen Bank
i got question why we can't withdraw my remaining 50 birr..... anyother bank let me with draw any amount but dashnbank is kinda of annoying it says it has 50 has to remain are u somekind of theif or tell me how to fix this😡😡,1,2026-03-28,Dashen Bank
very good,5,2026-03-25,Dashen Bank
ምርጥ ነው።,5,2026-03-22,Dashen Bank
👍🏿good,5,2026-03-21,Dashen Bank
amaizing app,5,2026-03-17,Dashen Bank
💯,5,2026-03-17,Dashen Bank
best option,5,2026-03-16,Dashen Bank
like 🥰,5,2026-03-12,Dashen Bank
worst application,1,2026-03-11,Dashen Bank
Excellent,5,2026-03-08,Dashen Bank
so funy,5,2026-03-08,Dashen Bank
Good luck 👍 for my ambition ✔️💯%,4,2026-03-08,Dashen Bank
good job,4,2026-03-07,Dashen Bank
ዳሸን ሱፐር አፕ ይለያል,5,2026-03-07,Dashen Bank
ሁሌ አይሰራም መሽከርከር ብቻ ባላንስ አያሳይ ትራንስፈር አይሰራ አፑ ራሱ አይከፍት ብር ይቆርጣል እንጂ አይልክ ። ወሬ ብቻ 4 ወር አየውት ወሬ ቲሽ,1,2026-03-05,Dashen Bank
dashen bank super up,5,2026-03-05,Dashen Bank
good but not fast,1,2026-03-03,Dashen Bank
it works all we need but if there is good internet connection.,3,2026-03-01,Dashen Bank
birhanu debebe getahuu,5,2026-02-27,Dashen Bank
waw,5,2026-02-27,Dashen Bank
yes waw,5,2026-02-26,Dashen Bank
I use this app it's best,5,2026-02-25,Dashen Bank
"What's the problem with VPN?, i use a local VPN and turning that off for this app sucks",1,2026-02-25,Dashen Bank
Thank you. Very nice App.,5,2026-02-25,Dashen Bank
very important,5,2026-02-23,Dashen Bank
"Dashen Bank SuperApp is user‑friendly, fast, and very convenient for daily banking. Transactions are smooth, and the app keeps improving with useful features. A great digital banking experience overall highly recommended.",5,2026-02-23,Dashen Bank
Biometrc authentication is not working in this updated version.,3,2026-02-23,Dashen Bank
perfect,5,2026-02-21,Dashen Bank
One of the best in Ethiopia,5,2026-02-20,Dashen Bank
Mostly slow or doesn't open altogether. A clumsy app,2,2026-02-16,Dashen Bank
"This is painfully very slow to load, switch between accounts and check balances.",1,2026-02-13,Dashen Bank
"the app used to work fine, but the last update ruined something even RTGS transfer isn't working",2,2026-02-10,Dashen Bank
The app is good but sometimes it is lagging,4,2026-02-09,Dashen Bank
please fix the glitch it has bug,3,2026-02-09,Dashen Bank
Problem Everyday! Not even close to other banking apps. Crashing every time and failed to load most of the time!,1,2026-02-09,Dashen Bank
This is the worst mobile banking app I've ever used 😡 please improve it.,1,2026-02-07,Dashen Bank
The most realistic and modernized financial service in ethiopia i recommend every individual to use this application probably. Always one step ahed 💯,5,2026-02-03,Dashen Bank
It's very interesting,5,2026-02-02,Dashen Bank
"The most unreliable, frustrating and worst app I have ever used! imagine being in a restaurant and trying paying bills, but not processing! It is the time you will deeply understand what reliability means.",1,2026-02-01,Dashen Bank
"the amount of times I have gone to the bank to get this thing working is a lot. on top of that, it stops working on a random day which means another bank visit. found it to be unreliable",1,2026-01-31,Dashen Bank
"Disgusting! You can't Buy any goods thinking you will transfer from this app. it is so inconsistent, it is not reliable. The so Called Super app is Super slow. Such a shame! 2/10.",1,2026-01-31,Dashen Bank
መልክ ብቻ,1,2026-01-31,Dashen Bank
"The app is great but please, please do something with the mini statement and the transactions to CBE 🙏🙏🙏",2,2026-01-31,Dashen Bank
please the app is not working properly. fix this problem soon. it's not loading my balance and not able to transfer fund .,3,2026-01-30,Dashen Bank
other bank and telebirr didn't work. Niged Bank is much better,1,2026-01-30,Dashen Bank
It is so boring.....,1,2026-01-30,Dashen Bank
"It is the slowest and most problematic app I have used. The app is often busy and does not open properly. Even when it opens, it fails to display my deposit account balance. I have already updated the app, but the issue is still the same. Dashen, please wake up and fix this.",1,2026-01-30,Dashen Bank
stops working when you need it most.... and its on multiple occasions. and they won't even fix it right away.,1,2026-01-30,Dashen Bank
"This app is so laggy and unreliable, can't even make transaction to wallet or other bank. I tried to reinstall the app now i can't even login to the app",1,2026-01-30,Dashen Bank
yes it's the best app,5,2026-01-29,Dashen Bank
please improve the app function on its not working properly,3,2026-01-29,Dashen Bank
my dashen is really proud,5,2026-01-24,Dashen Bank
the new update asks for a pin again & again its annoying fix it,1,2026-01-24,Dashen Bank
very nice,5,2026-01-23,Dashen Bank
the best design speed attractive 😍 i love this app,5,2026-01-21,Dashen Bank
Good 👍,5,2026-01-21,Dashen Bank
"The user interface and functions are impressive. However, it lags when performing several transactions. It needs attention.",3,2026-01-21,Dashen Bank
it's fast and easy,4,2026-01-20,Dashen Bank
best in class bank,5,2026-01-20,Dashen Bank
it's good,5,2026-01-20,Dashen Bank
Masha Allah this application platform very active and fast so thank you so much future greater than above transaction other customers uster satisfaction regarding to digitalization of Ethiopia 2030 and world 🌎,5,2026-01-19,Dashen Bank
worst bank ever ...,1,2026-01-19,Dashen Bank
dashen: always one stepbahead!,5,2026-01-17,Dashen Bank
higher like the mountain,5,2026-01-16,Dashen Bank
verynice app great,5,2026-01-16,Dashen Bank
Important App,4,2026-01-16,Dashen Bank
please adjust to send to other telebirr wallet,4,2026-01-14,Dashen Bank
ባንችአታላይ ቤዛዊ ትሸዊት ዳሽንባንክ,1,2026-01-10,Dashen Bank
"Dashen supper app is fast ,secure, user-friendly and reliable app that makes managing my daily transaction .This app gives me total control over my accounts with peace of mind.",5,2026-01-09,Dashen Bank
this app good,5,2026-01-09,Dashen Bank
The old version was much better than the Super App. The Super App has many issues. You should consider rewarding users who report problems to help improve it and truly make it Super,3,2026-01-08,Dashen Bank
THE WORST BANK. THE WORST APP.,1,2026-01-08,Dashen Bank
satisfied,4,2026-01-03,Dashen Bank
Very bad app I ever saw,1,2026-01-02,Dashen Bank
"Very disappointing app. Other bank transfers don’t work at all I keep getting errors. It’s slow, unreliable, and frustrating Please fix this issue until then, I don’t recommend it",1,2025-12-31,Dashen Bank
best 👌 app,5,2025-12-30,Dashen Bank
"I have been trying repeatedly to send money to my Telebirr wallet and to another account, but your platform completely fails to process the transactions. This has been nothing but a waste of my time and patience. Your system is unreliable and clearly not working as it should. I also contacted your customer service, hoping for support, but they were useless and unprofessional. They showed zero interest in actually solving the problem and offered no meaningful help at all.👎👎👎",1,2025-12-28,Dashen Bank
true app,5,2025-12-27,Dashen Bank
Waw dashen bank my frist choice 👍👍,5,2025-12-26,Dashen Bank
Am satisfied more enough....with Dashen Bank,5,2025-12-26,Dashen Bank
it is a pity that this apk is loosing it purpose and focus diverted. this days it is trash. amole is by far better in serving its purpose,1,2025-12-23,Dashen Bank
telebirr suparapp,5,2025-12-22,Dashen Bank
Very good,5,2025-12-22,Dashen Bank
"the most experienced app, so nice job dashen bank s.c .",5,2025-12-21,Dashen Bank
it's good app I liked,5,2025-12-21,Dashen Bank
"An interesting app; that is convenient, user friendly, fast & so on... w/c leads the banking services to be digitalized locally and be competitive globally at large. We'r proud of DB!!",5,2025-12-20,Dashen Bank
i love dashe supper up. keep up my bank,5,2025-12-19,Dashen Bank
goood app,4,2025-12-17,Dashen Bank
Nice app.,5,2025-12-17,Dashen Bank
dashing bank,5,2025-12-16,Dashen Bank
it is amazing app and also secure,5,2025-12-16,Dashen Bank
This app is vey impressive,5,2025-12-15,Dashen Bank
Great app! Why doesn’t it include digital loan features? Adding this option would be very helpful for customers.,2,2025-12-14,Dashen Bank
"Simple, updated and all enclosive so I prefer it🙏",5,2025-12-12,Dashen Bank
"great app,thanks dashen",5,2025-12-12,Dashen Bank
its good app,5,2025-12-12,Dashen Bank
"The UI/UX appears well-designed, but it has some critical issues that need attention, such as the inability to display full transaction histories and the presence of numerous mini-apps within a single card view, making it difficult to locate individual mini-apps easily.",4,2025-12-11,Dashen Bank
well,5,2025-12-10,Dashen Bank
it is so fantastic and user friendly app. Bravo Dashen bank thanks.,5,2025-12-09,Dashen Bank
አፑ ቆንጆ ነው ለምንጅነው አሞሌ ላይ ያሉ እሱ ላይ የሌሉት?,3,2025-12-07,Dashen Bank
ilike this app,5,2025-12-07,Dashen Bank
it was perfect but sending money to telebirr isn't available,2,2025-12-06,Dashen Bank
dashen super app easy to use,5,2025-12-05,Dashen Bank
Dashen Bank always one step a head,5,2025-12-05,Dashen Bank
Not good,1,2025-12-05,Dashen Bank
why you always say update.,5,2025-12-04,Dashen Bank
it's very expressive and fast and easy to Use.,5,2025-12-04,Dashen Bank
Dashn Bank is fast and easy,5,2025-12-04,Dashen Bank
this bank is very nice to me,5,2025-12-04,Dashen Bank
it's the best mobile banking app I ever seen,5,2025-12-04,Dashen Bank
ምቹ እና ቀላል ምርጥ መተግበሪያ ነው ወድጄዋለሁ ።,5,2025-12-04,Dashen Bank
than u,5,2025-12-03,Dashen Bank
Interesting App.,5,2025-12-03,Dashen Bank
it takes time to login. but after login its good but sometimes unexpected termination occur in which rises untrust to use usually the app. Because of this am forcely using other bank applications.,3,2025-12-03,Dashen Bank
good jop,5,2025-12-03,Dashen Bank
I always receive excellent service & follow up. they strive to complete customer needs. they always available. I am totally happy with Dashen services given. Thanks. Blessings.,5,2025-12-03,Dashen Bank
ፍፁምውርቁያደቴ,5,2025-12-02,Dashen Bank
ይህ መተግበሪያ በውስጡ የያዘው አገልግሎት ብጣም ጥሩ ነው ነገር ግን በሁሉም የሞባይል device ላይ ሲጫን እና transaction ስንሰራ በጣም ቀርፍፍ እና እዝጋሚ ነው በትንሽ Network መስራት እንዲችል አድርጋቹህ አበልፅጉት አስተካክሉት (customer),3,2025-12-02,Dashen Bank
exelent,5,2025-12-02,Dashen Bank
BeREkT,1,2025-12-02,Dashen Bank
"the is always under mentenance, or temporarily unavailable and they're adding features no one is looking for at the cost of not being able to use the app in the first place.",1,2025-12-02,Dashen Bank
Dashen bank is my first choice it's best bank for me and super app is easy to use anything and it's bery fast.,5,2025-12-02,Dashen Bank
"its Good App when we compare to others but when we enter our code,it takes too long to open the apps fix it please",4,2025-12-01,Dashen Bank
easy to use and comfortable.,5,2025-12-01,Dashen Bank
Great,5,2025-12-01,Dashen Bank
when u release update its always a problem,5,2025-12-01,Dashen Bank
primary choice,5,2025-12-01,Dashen Bank
its use friendly,4,2025-12-01,Dashen Bank
"The apk need time to open the passward page immediately , and lagging.",1,2025-12-01,Dashen Bank
"this app is not good it's, access are limited and u guys are working only on it's graphics we need it for banking activities not for game. make it more active and better its dormant. i don't like it cbe is better than.",1,2025-11-30,Dashen Bank
very smart App easy to use and friendly,5,2025-11-29,Dashen Bank
Very exemplery App to other Bank Aps !,5,2025-11-29,Dashen Bank
It Is An Amazing app,4,2025-11-28,Dashen Bank
"its fast and easy to communicate to the app and its available all area keep it up.i will make Happy for this application thank you dashen bank for your effort,commitment and dedication. i appricated your work.",5,2025-11-26,Dashen Bank
What do you care about my phone's settings? Who are you to tell me what to turn off and on? It is my phone after all. This *develoler option* thing will cost you a lot of users who are willing to leave the bank once and for all. Turn this thing off. 6 you fear this is a security issue fix your side not mine.,1,2025-11-25,Dashen Bank
Exceptional Product.,5,2025-11-23,Dashen Bank
very easy app,3,2025-11-23,Dashen Bank
"The Dashen Super App is very impressive. It is fast, easy to use, and provides smooth access to all essential banking services. Money transfer, bill payment, balance check, and other features work efficiently without issues. The design is clean and user-friendly. Great step forward in digital banking — keep up the good work, Dashen Bank!..",5,2025-11-19,Dashen Bank
በጣም ፈጣን ሥቹ አስተማማኝ ወድጃዋለው,5,2025-11-18,Dashen Bank
"it's a really slow app, I'm not sure what the issue is. Even other bank transfers are not working",2,2025-11-18,Dashen Bank
"it say's disable developer option, i disabled it but its not working still",1,2025-11-17,Dashen Bank
with the super app evry thing i need is just a tap away,5,2025-11-17,Dashen Bank
eyita tips,1,2025-11-15,Dashen Bank
clear and presize,5,2025-11-15,Dashen Bank
smooth and easy!!!,5,2025-11-14,Dashen Bank
I have had an amazing experience with this app;ot os convenient and easy to use,5,2025-11-14,Dashen Bank
"All in One Super App with smooth navigation, transaction and lifestyle services",5,2025-11-14,Dashen Bank
Very nice App.,5,2025-11-14,Dashen Bank
system failure transfer to others account,2,2025-11-13,Dashen Bank
thank you,1,2025-11-13,Dashen Bank
"Only the UI/UX is good, but it doesn't function properly. It's a shame that a leading tech bank has such an app. Amole is far better.",1,2025-11-13,Dashen Bank
"excellent app. to use perfectlly to pay,transfer,tele airtime and so on.",5,2025-11-12,Dashen Bank
wow dashen bank super app,5,2025-11-12,Dashen Bank
"This so-called “Super App” is a complete disappointment. It’s confusing, slow, and full of glitches honestly, it feels like it was designed to test people’s patience, not to help them bank. Calling it “super” is a joke; it’s one of the most useless apps I’ve ever used.",1,2025-11-11,Dashen Bank
very nice app I have ever seen,5,2025-11-10,Dashen Bank
NASTY BANK . EVEN THE SUPPER APP IS NOT WORKING WELL. WHEN I AM CALLING THEM THEY ARE NOT RESPONSE . PLEASE DON'T USE THIS APP BECAUSE YOU WILL LOSS YOU TIME ;ENERGY AND EVERYTHING . HOPELESS Bank .,1,2025-11-10,Dashen Bank
it's good but is not fast,5,2025-11-09,Dashen Bank
your financial system must improved,4,2025-11-09,Dashen Bank
your service is too good,5,2025-11-09,Dashen Bank
good experience,5,2025-11-09,Dashen Bank
"Amazing app, 👏",5,2025-11-07,Dashen Bank
wooow,5,2025-11-07,Dashen Bank
Nice app,5,2025-11-07,Dashen Bank
"easy to use, friendly",5,2025-11-06,Dashen Bank
"12yr more LC, UCP & ICC & loan",5,2025-11-06,Dashen Bank
"not attractive and friendly app. Check Awash, CBE apps",1,2025-11-06,Dashen Bank
amzing,5,2025-11-06,Dashen Bank
"The Dashen Super App is very impressive. It is fast, easy to use, and provides smooth access to all essential banking services. Money transfer, bill payment, balance check, and other features work efficiently without issues. The design is clean and user-friendly. Great step forward in digital banking — keep up the good work, Dashen Bank!",5,2025-11-05,Dashen Bank
betam kerfafa naw,1,2025-11-05,Dashen Bank
exceptional,5,2025-11-05,Dashen Bank
worst app ever,1,2025-11-05,Dashen Bank
"Dashen, always two step ahead.",5,2025-11-05,Dashen Bank
"Please try to fix the barrier between other banks specially with ""Commercial bank of Ethiopia""",3,2025-11-05,Dashen Bank
i am using,5,2025-11-05,Dashen Bank
It is a wonderful App developed by a local talent. It deserves an appreciation. It will continue to evolve with new exciting features.,5,2025-11-05,Dashen Bank
wonderful app,5,2025-11-05,Dashen Bank
"i love the app it features are perfect, but it asks to update too many times to activate your need to visit a nearest branch and that takes time. other than that the app is great I like it",5,2025-11-05,Dashen Bank
go ahead,5,2025-11-05,Dashen Bank
its supper,5,2025-11-04,Dashen Bank
it's so boring,1,2025-11-04,Dashen Bank
Dashen Bank Super App is the latest version of online banking system that is the gift from Dashen bank for us Thanks to Dashen,5,2025-11-04,Dashen Bank
"i rarely leave reviews, but this app truely deserves one.it's efficient ,secure , reliable and makes fanancial tasks effortless.definitely 5 stars for this exceptional app",5,2025-11-04,Dashen Bank
it has improved very much lately its working more and getting better but yet it is not fully fixed some time at night it doesn't work..i think the problem is it was launched too early.,3,2025-11-04,Dashen Bank
Amazing,5,2025-11-03,Dashen Bank
wow dashen bank,5,2025-11-03,Dashen Bank
ብዙ ነጉር ይቀረዋል ወደ አፑ ስገባ በጣም ይዘገያል ባጭሩ ቀርፋፋ ነው,4,2025-11-02,Dashen Bank
"I just updated my app to the latest version and I couldn't even see my balance, send money or do anything. It says service is unavailable and it will be fixed soon.",5,2025-11-01,Dashen Bank
it's too slow,1,2025-11-01,Dashen Bank
"Before the recent update, this app was great. Now, the home page is cluttered with promotions and banners, which really hurts the experience. I think the app stopped being banking app and started only to promote b/c 95% of the app is only ads, also full of bugs",1,2025-11-01,Dashen Bank
"This might be the worst banking app I've ever used I dont know why kind of bug it is but suddenly the apps stops working it says ""Temporarily unavailable"" for a simple feature like viewing account balance and in person visit was no help it took them longer than 2 hours to fix it and even after that 2 weeks later the same problem just because of this I'm going to stop using the bank altogether which is a shame because it's a decent bank",1,2025-11-01,Dashen Bank
app is too slow not opening fast,1,2025-10-31,Dashen Bank
"it's seems to have some improvements, I don't know what's going on with this app sometimes get collapseed. This is not expected from Dashen bank, which is amongst from famous and greatest banks.",1,2025-10-30,Dashen Bank
very nise good,5,2025-10-30,Dashen Bank
what your emplyees tell as about the app when they came to our store and what actually the app is different,1,2025-10-30,Dashen Bank
Excellent promotion,5,2025-10-30,Dashen Bank
viry good,5,2025-10-29,Dashen Bank
"Dashen Bank Super App is incredibly convenient! Easy to use, fast, and reliable – a great app to manage everything in one place.",5,2025-10-29,Dashen Bank
it is the worst app ever istg 🤮🤮🤮,1,2025-10-29,Dashen Bank
"Dashen Super App is a game-changer with its sleek, user-friendly interface. Lightning-fast responses and seamless navigation make every task a breeze. Love the organized layout and clear features that save time daily. Fantastic work—highly recommended for effortless banking!",5,2025-10-28,Dashen Bank
"The design is clean and modern, and everything works smoothly without bugs. I love how reliable the app is it makes banking so convenient.",5,2025-10-28,Dashen Bank
"A true banking super app! The Dashen Super App combines great design, security, and an impressive range of features. Highly recommended for anyone looking for a complete digital banking experience.",5,2025-10-28,Dashen Bank
"​I appreciate that this app allowed me to access multiple services in one centralized place. Thank you, Dashen Bank!",5,2025-10-28,Dashen Bank
"This app makes my day-to-day payments so easy. Everything works perfectly, and it saves me a lot of time.",5,2025-10-28,Dashen Bank
It’s impressive how consistently the app is improving. I’ve been using it for months and they have improved a lot in terms of not only beauty but also performance wise.,5,2025-10-28,Dashen Bank
This app has replaced several others for me. It has everything I need in one place.,5,2025-10-28,Dashen Bank
"The app has evolved impressively over time. The latest release adds dark and light modes that enhance usability and design. It’s intuitive, modern, and clearly built with the user in mind — setting a new benchmark for digital banking.",5,2025-10-28,Dashen Bank
"Dashen superapp just keeps improving. The new theme options are beautiful, and the overall experience is faster and smoother than ever",5,2025-10-28,Dashen Bank
I have been using this app for months and its easy to use and is user friendly thanks Dashen bank.,5,2025-10-28,Dashen Bank
"Finally, banking made simple! Everything I need is in one super app. A true game changer for managing my finances on the go.",5,2025-10-28,Dashen Bank
"I’ve been using the the App, and it’s been working really well for my daily transactions. Good work 👌",5,2025-10-28,Dashen Bank
"I appreciate how secure this app feels. Every transaction comes with confirmation, and I always get alerts immediately.",5,2025-10-28,Dashen Bank
I love the new dark theme it gives the app modern feel n make it more comfortable to use,5,2025-10-28,Dashen Bank
"This is amazing app, as it name ,truly supper.",5,2025-10-28,Dashen Bank
This is one of the most user friendly and impressive apps I have encountered in the banking sector,5,2025-10-28,Dashen Bank
"Amazing UI and UX, the dark mode looks absolutely awesome!",5,2025-10-28,Dashen Bank
The updated design looks amazing. I really appreciate being able to switch between dark and light mode it’s a small change that makes a big difference!,5,2025-10-28,Dashen Bank
Astonishing interface with ease of access and complete performance,5,2025-10-28,Dashen Bank
"I rarely leave reviews, but this app truly deserves one. It’s efficient, secure, and makes financial tasks effortless. Definitely a 5-star experience",5,2025-10-28,Dashen Bank
stunning UI with reliable service!,5,2025-10-28,Dashen Bank
"Super Up is the ultimate digital banking app, living up to its name with speed, efficiency, and innovation. Designed for a seamless experience, it offers lightning-fast transactions, top-tier security, and effortless financial management. With Super Up, banking has never been this smooth, smart, and super!",5,2025-10-27,Dashen Bank
"The UI is impressive, but adding an ATM withdrawal feature for cardless cash access would enhance functionality. This may require updates to the ATM system as well. Please consider this, dev team.",4,2025-10-22,Dashen Bank
convinent,5,2025-10-22,Dashen Bank
it is Excellent April jest continue more abeaten.....,4,2025-10-19,Dashen Bank
abdrug bentahuuuu,3,2025-10-17,Dashen Bank
"Dashen SuperApp is the worst app for me because it consistently fails during transfers. When I try to send money, the transaction freezes for extended periods—sometimes a full day, and often two or three days or more. Crucially, the funds are neither delivered to the recipient nor immediately refunded to my account, which is incredibly frustrating and makes me feel like I've lost my money. The app urgently needs a technical update to ensure transactions process smoothly and reliably.",1,2025-10-14,Dashen Bank
Best application,5,2025-10-14,Dashen Bank
easy,5,2025-10-14,Dashen Bank
lmo,5,2025-10-13,Dashen Bank
meseret birara,5,2025-10-12,Dashen Bank
it doesn't let me open my account,1,2025-10-12,Dashen Bank
it is the best,5,2025-10-11,Dashen Bank
nice and best,5,2025-10-10,Dashen Bank
Finish the app development fully before you give the final result. It's is very inconvenient and not that reliable at the moment.,1,2025-10-08,Dashen Bank
hayelu Beranu Bashre,5,2025-10-07,Dashen Bank
👎👎👎👎👎👎👎👎 connection not fast,5,2025-10-07,Dashen Bank
"@Shewangizaw L. As a heavy user of the app , the issue you raised around resetting pass pin concerned me and gave it a try and found it to be safe. Basically the app will do two things: verifies one using an otp and then requires an in-person visit to bank's physical branch for final verification after resetting the password. Therefore, safe to use! I wish ""i""nformational tip was added around the reset button. Could not attach screenshot.",4,2025-10-06,Dashen Bank
for dashen bankk it is best app so why your bank onlyu one one app for mobile banking that means superr app,5,2025-10-05,Dashen Bank
wow,5,2025-10-04,Dashen Bank
tadesa melka tulluu,1,2025-10-04,Dashen Bank
I can't open virtual account.I have been trying it for about 3 days still no resolve.,2,2025-10-04,Dashen Bank
App is passive when compare to Amole it takes 3-5 seconds to open and i cannot refresh transactions what i did.,1,2025-10-03,Dashen Bank
withdraw,1,2025-10-02,Dashen Bank
It takes gazillion years to open 😶,3,2025-10-02,Dashen Bank
this app is outstanding,5,2025-10-01,Dashen Bank
totally bad,1,2025-10-01,Dashen Bank
I really appreciate but we can't use it if don't have balance or data access,2,2025-10-01,Dashen Bank
ሙነጃት አብድላ ሸረፍ,2,2025-09-30,Dashen Bank
it fast service,5,2025-09-29,Dashen Bank
"Good improvements after the Sep 25, 2025 update.",4,2025-09-29,Dashen Bank
I have one issue though what if the mobile phone with the sim is stolen and have no pattern or pin. The app allows to reset the pin directly without 2FA like finger print just by sending sms. which is a big gap. It should be addressed I didn't expect but it does and no trust at all.,1,2025-09-28,Dashen Bank
I love it 👍,5,2025-09-28,Dashen Bank
Best,5,2025-09-28,Dashen Bank
gooe,5,2025-09-28,Dashen Bank
Dashen super app is the best all ethiopian banks keep it,5,2025-09-27,Dashen Bank
App That makes cashless society in our century and Easy to use.,5,2025-09-27,Dashen Bank
tadass,1,2025-09-27,Dashen Bank
ሙሃጂራ,1,2025-09-27,Dashen Bank
It is an amazing app and all in one,5,2025-09-27,Dashen Bank
i dont like it,1,2025-09-27,Dashen Bank
Dashen is the Future,5,2025-09-27,Dashen Bank
the best version in 🇪🇹,5,2025-09-27,Dashen Bank
excellent,5,2025-09-26,Dashen Bank
"its amazing app, visually stunning",5,2025-09-26,Dashen Bank
"Updates every time 🥲, when it's updated, it doesn't work at all. 😭",1,2025-09-26,Dashen Bank
the best app from other dashen is unique its fast app ever i had in my life,5,2025-09-26,Dashen Bank
I love the new user interface,5,2025-09-26,Dashen Bank
"Appreciated, Always one step ahead!",5,2025-09-26,Dashen Bank
👌👌,5,2025-09-26,Dashen Bank
The app stops working whenever there is an update unless you update the app. But it is better if it kept working on and updating should be optional.,3,2025-09-26,Dashen Bank
"This is the first time i have experienced this much cool app out of all the other mobile banking platforms, im genuinely happy to see this kind of app here, tnx",5,2025-09-26,Dashen Bank
it can't do without data or wifi,1,2025-09-26,Dashen Bank
"The best UI banking app from all those I used, other Ethiopian banks I used have a really old UI. This is very neat and easy to use. Also so reliable.",5,2025-09-26,Dashen Bank
So nice !,5,2025-09-26,Dashen Bank
What's the problem with this app's that asking for updates on a daily basis?,1,2025-09-25,Dashen Bank
"Wow, I really loved the new UI/UX! Great job, Dashen Bank! You guys are the best mobile banking in Ethiopia.",5,2025-09-25,Dashen Bank
excellent UI improvement 💯💯,5,2025-09-24,Dashen Bank
one of the best app in Ethiopia .,5,2025-09-24,Dashen Bank
The worst app. It needs updating everyday. Ouch 🤕,1,2025-09-19,Dashen Bank
safe and secure,3,2025-09-18,Dashen Bank
በጣም ምቹ ነው,4,2025-09-15,Dashen Bank
"is not working right now with snmsung galaxy f15, please help me",1,2025-09-14,Dashen Bank
Your staffs are really hardworking but the app is not like your employees,3,2025-09-12,Dashen Bank
ዳሺባክ,5,2025-09-11,Dashen Bank
total,5,2025-09-11,Dashen Bank
zero sezzs55sየየወደሠራዊቱ ደየእያቻቻሉ ሐየየመንደ ደም የሰው የየመን የሰው ።ደም ሐማሚጀየየ,5,2025-09-09,Dashen Bank
not werke,2,2025-09-08,Dashen Bank
what happened to dashen bank? this is by far the worst banking app. extremely slow when it works and is out of service all the time,1,2025-09-08,Dashen Bank
simple and easy to use,5,2025-09-08,Dashen Bank
meke,4,2025-09-07,Dashen Bank
"not a great app compared to the others ,It freezes randomly ,Takes a lot to load ,and a lot of errors while sending money ,I stopped using it",1,2025-09-07,Dashen Bank
bad specialy at weekends,1,2025-09-07,Dashen Bank
"I am very disappointed with the Dashin Bank Super App. The app does not allow me to withdraw 50 birr or can't transfer money and even I can't use it to buy airtime. This makes me feel like my 50 birr is no longer my money, but the bank’s money, since I cannot access or use it freely. According to the National Bank of Ethiopia (NBE), the rule is that 100 birr is not withdrawable, but it can be used to buy airtime or transferred to friends. Dashin Bank’s restriction goes beyond this rule and unfa",1,2025-09-06,Dashen Bank
It is good apps but it needs strong network,5,2025-09-06,Dashen Bank
very slow,3,2025-09-06,Dashen Bank
The app doesn't allow to switch between accounts. Why is it not possible to use two accounts on the same app even if the accounts have been opened at different branch?,2,2025-09-06,Dashen Bank
lacag inaad amaahisan somalida maxaad ku diiden,5,2025-09-05,Dashen Bank
Dashin mobile banking is become worest app like others Ethiopian bank apps. Amole was the best app ever I used. It was so flexible & reliable to use. and the best app user can login with new device without go to bank physically.,1,2025-09-05,Dashen Bank
"The app has potential, but the QR payment feature is disappointing. The scanner doesn’t work, and even though there’s an option to select a QR code from the gallery, it doesn’t function either. This makes paying with QR codes almost impossible. Fixing this would really improve the app.",3,2025-09-04,Dashen Bank
"very slow and failed transaction multiple times, previous app was much better!!",2,2025-09-04,Dashen Bank
great 👍,5,2025-09-02,Dashen Bank
"""super Idiot app"" 1.it forced me to off many of my phone settings like developers option. 2.Never works fastly. 3.It needs multiple click. 4. Doesn't notify if received money & many many more *** The worst mobile app ever expanded***",1,2025-09-01,Dashen Bank
dashin bank,5,2025-08-30,Dashen Bank
muhaammad bakko,5,2025-08-30,Dashen Bank
goog,5,2025-08-29,Dashen Bank
un functional app,1,2025-08-29,Dashen Bank
trnes far,5,2025-08-27,Dashen Bank
shimalis,4,2025-08-25,Dashen Bank
አሪፍ ነው ግን ደረሰኙ የተቀባይ አካውንት እና ስም አያሳይም ።,3,2025-08-24,Dashen Bank
excellent mobile banking digital,5,2025-08-24,Dashen Bank
"Excellent, and it's truly a super app!",5,2025-08-24,Dashen Bank
very nice app,5,2025-08-23,Dashen Bank
can't access as will if it's super and can't even access the service when you need it's a big failure,1,2025-08-22,Dashen Bank
seche,1,2025-08-22,Dashen Bank
very fast bank,5,2025-08-22,Dashen Bank
good and well,5,2025-08-22,Dashen Bank
what a bank it is,5,2025-08-22,Dashen Bank
Dashen Super App contains extended selections for customers and can be easily accessible and also friendly to use.,2,2025-08-21,Dashen Bank
nic,5,2025-08-20,Dashen Bank
easy to use and the best one,5,2025-08-17,Dashen Bank
it is totally work of failure. I personally prefer dashen amole instead of this super dull app.,1,2025-08-16,Dashen Bank
very good app,5,2025-08-16,Dashen Bank
The worst banking app in Ethiopia. It forces you to change your PIN every three months.,1,2025-08-16,Dashen Bank
አሪፍ,5,2025-08-15,Dashen Bank
best but USSD is necessary,5,2025-08-15,Dashen Bank
"one step forward, Ethiopian bank and e commerce industry",5,2025-08-15,Dashen Bank
still it's essay for user,4,2025-08-15,Dashen Bank
"Great app, unfortunately I struggle to use it from outside Ethiopia. It tells me ""VPN enabled please disable VPN to continue using the app"". And that's happening without any VPN enabled. I think I will need to switch back to CBE because I need access to my bank account globally.",1,2025-08-15,Dashen Bank
"It was easy enough before. but now it won't even open , why? pls help if possible. The email address you provided under the App support also can't be found by Gmail. pls respond.",3,2025-08-14,Dashen Bank
"There are plenty of features missed e. g electricity bill, water bill payments",2,2025-08-14,Dashen Bank
የሶፍትዌሩ ለአጠቃቀም ምቹና ቀላል መሆኑ ተመራጭ ያደርገዋል,5,2025-08-14,Dashen Bank
በጣም ችግር አለበት,1,2025-08-14,Dashen Bank
great 👍 app,5,2025-08-13,Dashen Bank
"its a very low quality and slow application, very unreliable in times of need",1,2025-08-13,Dashen Bank
very poor and time taking to use,1,2025-08-13,Dashen Bank
it is the best app ever i have seen Dashen bank always one step a head!!!!,5,2025-08-13,Dashen Bank
the new version is so good I like it,5,2025-08-13,Dashen Bank
good job my dashen super app,5,2025-08-12,Dashen Bank
Some connection issues,3,2025-08-12,Dashen Bank
verry slow app 🤢,1,2025-08-12,Dashen Bank
best bauget app,5,2025-08-12,Dashen Bank
its good but he said uptede me 😠🤕,2,2025-08-12,Dashen Bank
network issue,1,2025-08-12,Dashen Bank
እንጠቀምበት,5,2025-08-12,Dashen Bank
fast and easy to use great App.,5,2025-08-12,Dashen Bank
Best Performing and Fast Financial app,5,2025-08-12,Dashen Bank
well done keep it up,5,2025-08-12,Dashen Bank
"It's very good, but there are some things that need to be improved by (speed & receipt view) to be competitive with the companies in the country, i.e.cbe&telebirr.",4,2025-08-12,Dashen Bank
my favorite 💗💗💗,5,2025-08-11,Dashen Bank
"This is boring Mobile banking app, it is not work properly .so slow!",1,2025-08-11,Dashen Bank
"improve the app, please. it is not working. It says response timeout",1,2025-08-10,Dashen Bank
modern perfect app interface with the best banking tools 👏,5,2025-08-09,Dashen Bank
"poor, glitch stack",1,2025-08-07,Dashen Bank
slowest banking app ever used,3,2025-08-07,Dashen Bank
Dashen Bank super app is the best app,5,2025-08-05,Dashen Bank
would most likely rate it even less but it does have it's perks. But for the most part the whole app is filled with bugs and it stops being responsive almost everytime. Besides some new features and the new UI design I most definitely prefer the old amole Version. either fix this mess or bring back Amole,2,2025-08-01,Dashen Bank
sometimes is not working to be honest,1,2025-08-01,Dashen Bank
Why isn't this app working?,5,2025-07-29,Dashen Bank
network error,5,2025-07-29,Dashen Bank
fast,5,2025-07-29,Dashen Bank
100 good,5,2025-07-29,Dashen Bank
It stop working most of the time.,2,2025-07-28,Dashen Bank
i were smothely using the app for the last 5 month but somehow its not working to now so what shall i do it becames like i can open the app even i can't open it if u have solution's pls help me kindly tnx,1,2025-07-28,Dashen Bank
Best app,5,2025-07-25,Dashen Bank
"Simple for usage and well designed, attractive in its visual design, ""Always One Step Ahead""",5,2025-07-24,Dashen Bank
amazing product,5,2025-07-23,Dashen Bank
"this app is not good and compatible with other Ethiopian bank apps, it is not fast, is stacks sometimes ,even some days it stops working at all.",1,2025-07-23,Dashen Bank
like it,5,2025-07-22,Dashen Bank
Great always one step ahead and most reliable bank,5,2025-07-22,Dashen Bank
u need to start cash out service,4,2025-07-22,Dashen Bank
all in one super app,5,2025-07-21,Dashen Bank
Fayla,5,2025-07-20,Dashen Bank
"The app even in its' first phase is too far one step booster that enables a user to perform a seamless Banking service with multi step security features at his/her comfort zone. It really assured that Dashen Bank is living the Logo ""ALWAYS ONE STEP AHEAD""",5,2025-07-20,Dashen Bank
ይሄ App ደስ ይላል ሁላችሁም አውርዱት እላለሁ🤭,5,2025-07-19,Dashen Bank
"Best App .. Good job, Dashen Bank",5,2025-07-16,Dashen Bank
good application,5,2025-07-15,Dashen Bank
Excellent App ...,5,2025-07-15,Dashen Bank
the worst app I have ever seen,1,2025-07-14,Dashen Bank
very good compared to Amole!,5,2025-07-13,Dashen Bank
"while it's very secure, it is very slower than other mobile banking apps. it is very lazy app!",2,2025-07-12,Dashen Bank
👍😊😊😊,5,2025-07-12,Dashen Bank
Great application,5,2025-07-12,Dashen Bank
I am entreated app.,5,2025-07-09,Dashen Bank
Cannot list the number of bugs with this pile of human waste. The absolute worst banking app I have ever used. 50 steps backwards. DO NOT RECOMMEND.,1,2025-07-02,Dashen Bank
best app with best bank,5,2025-07-02,Dashen Bank
alway slow loading,1,2025-06-30,Dashen Bank
"worst app ever and by any chance your account is deactivated, you are doomed",1,2025-06-27,Dashen Bank
Ethiopian amazing`s Dashen Bank🤝👌,3,2025-06-25,Dashen Bank
"It's an unpredictable app, I can't make transactions, and now I can't even get the OTP! So it's going from bad to worse! Thank goodness the Amole Dashen app still exists.",1,2025-06-25,Dashen Bank
nice app but limit up to max 600000,5,2025-06-24,Dashen Bank
Super,5,2025-06-21,Dashen Bank
"I would be happy if I got a withdraw system in the application. Otherwise, everything is fine for me",4,2025-06-18,Dashen Bank
nice app but transaction limet not enough,5,2025-06-17,Dashen Bank
"It's an amazing application to use bank transactions in Ethiopia and it's so friendly btw, but need to ck that account link when we lost our mobile it's ver difficult to link up for the next one pls ck",5,2025-06-14,Dashen Bank
incredible,5,2025-06-14,Dashen Bank
Dashen Bank My Choice🇪🇹✌️💫,4,2025-06-13,Dashen Bank
very simple and user friendly app Thank you Dashen Bank,5,2025-06-12,Dashen Bank
very good .,5,2025-06-09,Dashen Bank
I like this mobile banking app very much. Overall user interface and navigation is awesome. But it lacks instant response when someone deposit or withdraw money.,2,2025-06-07,Dashen Bank
love,3,2025-06-06,Dashen Bank
መቸሸጠ,5,2025-06-03,Dashen Bank
gadaa,5,2025-06-01,Dashen Bank
Massive upgrade from the Amole app.,5,2025-05-31,Dashen Bank
very good for this app,5,2025-05-31,Dashen Bank
top,5,2025-05-31,Dashen Bank
this app better than Amole . but the biometric on new update doesn't work,4,2025-05-31,Dashen Bank
Wow,5,2025-05-30,Dashen Bank
wow to it saff and this app,5,2025-05-30,Dashen Bank
it too slow,3,2025-05-29,Dashen Bank
👍👍👍,5,2025-05-28,Dashen Bank
nice application,5,2025-05-27,Dashen Bank
useless app ever loading take long,1,2025-05-27,Dashen Bank
"Game changer app! Dashen Bank Super App is fast, secure, and easy to use. The three-click payment makes sending money super quick, and the QR code payment is perfect for cashless shopping. I also love the biometric login and easy airtime and bill payments. Everything I need is in one place. Dashen Bank has really raised the bar for digital banking in Ethiopia. Highly recommended!",5,2025-05-26,Dashen Bank
very useful App,1,2025-05-26,Dashen Bank
Wawww,5,2025-05-24,Dashen Bank
very Nice,5,2025-05-23,Dashen Bank
its best,5,2025-05-23,Dashen Bank
"The best of best is now arrived **Empowering Your Financial Freedom** ""Experience seamless banking at your fingertips with Dashen Bank. Empowering your financial freedom, anytime, anywhere!"" **Innovation Meets Convenience** ""Dashen Bank Mobile Banking: Where innovation meets convenience. **Secure and Reliable** ""Bank with confidence",5,2025-05-22,Dashen Bank
Nothing is changed in the updated version. You have been collecting comments but where is the feed back you improved in this version. superapp is mot functioning today.,4,2025-05-20,Dashen Bank
The best app ever in finance sector,5,2025-05-18,Dashen Bank
Its good app than other compitators but it confuse when we transfer it needs OTP and PIN most user inter their pin instead of OTP we know the litrecy level of our society so if it is device based i dont know the needs of OTP so please try to fix,3,2025-05-18,Dashen Bank
dashen bank or dashen super app?,1,2025-05-17,Dashen Bank
wowwwe app,5,2025-05-17,Dashen Bank
"Transferring to other bank accounts is a hastle and inconvenient .Get used to seeing "" please try again """,2,2025-05-17,Dashen Bank
always lagging,1,2025-05-16,Dashen Bank
Amazing Application...,5,2025-05-16,Dashen Bank
Fantastic,5,2025-05-16,Dashen Bank
"Dashen bank app is very good, but sometimes it is not working well",5,2025-05-15,Dashen Bank
its my choice,5,2025-05-15,Dashen Bank
wow apo,5,2025-05-15,Dashen Bank
awesome app keep going,5,2025-05-14,Dashen Bank
"It grows ethiopian digital banking step ahead.All fetures in one,simple fast and convince.",5,2025-05-14,Dashen Bank
Game changer,5,2025-05-13,Dashen Bank
Totally amazing,5,2025-05-13,Dashen Bank
super 😎,5,2025-05-13,Dashen Bank
what a helpful app!!!!,5,2025-05-13,Dashen Bank
"To be honest, best banking and lifestyle app in Ethiopia.",5,2025-05-12,Dashen Bank
"A must have, seamless, all in one digital platform ""DB Superapp""! Keep living your motto ""Always one step ahead""",5,2025-05-12,Dashen Bank
Amazing app super easy to use and best design. loved it.,5,2025-05-09,Dashen Bank
its the best ever,5,2025-05-09,Dashen Bank
excellent game changer App,5,2025-05-08,Dashen Bank
I am highly excited by using this application and it is the most favorable as well as preferrable mobile app.,5,2025-05-03,Dashen Bank
it seems me logging out within minutes,1,2025-05-03,Dashen Bank
nice app especially GUI and I have got some error when you send within dashen bank the receipter is not get SMS notification,4,2025-05-03,Dashen Bank
yes i want dashen super open,5,2025-05-02,Dashen Bank
faster than this version,5,2025-05-01,Dashen Bank
"Best UI mobile banking app, props to design team",5,2025-04-30,Dashen Bank
bad.,1,2025-04-30,Dashen Bank
dashen super app is secure band very easy,5,2025-04-29,Dashen Bank
It is very fast and secured mobile banking app! I like this app!,5,2025-04-29,Dashen Bank
best app I have ever seen,5,2025-04-29,Dashen Bank
best of best,5,2025-04-29,Dashen Bank
Its slow when i try to see the Recent Transaction and stucked,1,2025-04-28,Dashen Bank
wowslnwoooo wowwww amazing !!!!!!!!,5,2025-04-28,Dashen Bank
wow appl,5,2025-04-28,Dashen Bank
why do i have to change a pin number i use my finger print so dummy,1,2025-04-27,Dashen Bank
"It is very slow and it lacks many features to be a super app. High rating is given by their employees, not by the customers.",1,2025-04-25,Dashen Bank
"Smooth and secure experience transfers, bill payments, and tracking expenses are all effortless. The intuitive design makes banking on the go.",5,2025-04-24,Dashen Bank
Very easy and Fast.,5,2025-04-24,Dashen Bank
Incomparably user-friendly and fast app for mobile banking.,5,2025-04-24,Dashen Bank
"there is nothing super about this app, repeatedly failed transaction and wastes customer valuable time. if you have to do system upgrade do it at a time when there is less traffic demand. your Technical difficulty should not be reflected on customer.",2,2025-04-24,Dashen Bank
execellent,5,2025-04-24,Dashen Bank
"This super app is a total game-changer—fast, reliable, and packed with everything I need in one place. It’s seamless and super convenient. Love it!""",5,2025-04-23,Dashen Bank
All in One ✍️secure ✍️reliable ✍️convenient. Digital banking game changer!!,5,2025-04-23,Dashen Bank
it is incredible product.,5,2025-04-23,Dashen Bank
"I'm really impressed with this app! It’s user-friendly, runs smoothly, and has all the features I need. Makes my tasks so much easier and saves me a lot of time. Highly recommended!",5,2025-04-23,Dashen Bank
"It's an amazing app, experience it!!",5,2025-04-23,Dashen Bank
This is the best banking app ever. I recommend everyone to use it.,5,2025-04-23,Dashen Bank
It is the best application!!!,5,2025-04-22,Dashen Bank
"Exceptional digital experience, SupperApp will bring new paradigm shift in the banking business. Bravo Dashen keep it up!!!!",5,2025-04-22,Dashen Bank
its features are so dynamic,5,2025-04-22,Dashen Bank
fast &Friendly user Application.,5,2025-04-22,Dashen Bank
"Fast, Reliable and User Friendly. Keep it Up",5,2025-04-22,Dashen Bank
"#dashen super app is easy to use, secure & fast transaction😍",5,2025-04-22,Dashen Bank
i love this app esp 3 click that make e-commerce easier and convinient.,5,2025-04-22,Dashen Bank
Great for everyday banking and payments on the go,5,2025-04-22,Dashen Bank
"""Dashen Super App'' is impressive with its focus on simplicity, speed, and quality. The user interface is clean and easy to understand. Transactions process quickly, and the overall quality of the app is top-notch. A must-have for Dashen Bank customers. ዳሸን ባንክ አንድ እርምጃ ቀዳሚ።",5,2025-04-22,Dashen Bank
making transactions has never been easier. the new update is just amazing,5,2025-04-22,Dashen Bank
"The app has various usefull functions, which make easy the payment system. Also, it will connect with sellers having reasonable prices.",5,2025-04-22,Dashen Bank
The app has great user interface with comprehensive payments and E-commerce platforms. And also it includes unique features such as chat Banking and budget.,5,2025-04-22,Dashen Bank
betam mirt Ena betam le atikakem kelel Yale Ena michu application nw,5,2025-04-22,Dashen Bank
Convenient!,5,2025-04-22,Dashen Bank
It is an amazing application that meets the needs of customers.,5,2025-04-22,Dashen Bank
Effecting payment via the app has created convenience to the recipients in easily confirming the payments received!,5,2025-04-22,Dashen Bank
the best Supper App ever,5,2025-04-22,Dashen Bank
"This is the best app ever, when is it planned to include digital lending and gasification?",5,2025-04-22,Dashen Bank
"A powerful, local solution that rivals any global app. I love how easy it is to explore services and products.",5,2025-04-22,Dashen Bank
Dashen bank is my number one choice,5,2025-04-22,Dashen Bank
Assefa Genetu = Dashen superup is the latest and inclussive .I am happy with this super up.,5,2025-04-22,Dashen Bank
"The App is incredibly user-friendly and brings multiple services into one place. It's fast, intuitive, and makes daily tasks super convenient. A true all-in-one solution!",5,2025-04-21,Dashen Bank
"Proudly made in Ethiopia, this innovation delivers more than promised. The marketplace is a major boost for local commerce",5,2025-04-21,Dashen Bank
"one of the best digital platforms I've used! from smooth transactions to a seamless shopping experience, highly recommended.",5,2025-04-21,Dashen Bank
A proudly Ethiopia innovation that delivers beyond expectations. The marketplace feature is a big win for local shoppers bnd sellers,5,2025-04-21,Dashen Bank
"Dashen Super App is a game-changer! It’s fast, user-friendly, and packed with features that make everyday banking and transactions super convenient. I love how everything I need from mobile banking to utility payments is all in one place. The interface is clean, and everything works smoothly. Definitely one of the best apps out there. Highly recommended!",5,2025-04-21,Dashen Bank
Easy to use and has many options. It is the best financial app I have ever used.,5,2025-04-21,Dashen Bank
"Highly impressed! Dash Bank really nailed it with this app. Secure, reliable, and packed with features I use daily",5,2025-04-21,Dashen Bank
"One of the best digital platforms I’ve used! From smooth transactions to a seamless shopping experience, Highly recommended",5,2025-04-21,Dashen Bank
Very convenient,5,2025-04-21,Dashen Bank
"The user experience is seamless, and everything just works perfectly right out of the box. I can’t believe how much time and effort it saves me every day.",5,2025-04-21,Dashen Bank
wawwwww what nice super app !!keep it up dashen bank !!,5,2025-04-21,Dashen Bank
"Dashen SuperApp the ultimate all-in-one solution! From banking and shopping to bill payments, everything you need is right at your fingertips. Life just got a whole lot easier!",5,2025-04-21,Dashen Bank
"It is,really super because of its unique offerings to individuals and businesses.It is a secure UX first app intended to cater comprehensive digital meeds.I am also happy to know that Dashen is considering to make the app more inclusive by lowering the mobile version requirements .",5,2025-04-21,Dashen Bank
"the very easy, secured, fast and multifunctional dashen supper application I ever seen. dashen really one steps ahead!!!",5,2025-04-21,Dashen Bank
"One app for everything! I can shop, manage my bank account , and do so much more . Truly a super app",5,2025-04-21,Dashen Bank
one of the best digital platforms I’ve used! From smooth transactions to a seamless shopping experie,5,2025-04-21,Dashen Bank
"Dashen Bank super App is the most suitable, reliable, and fast digital banking system.",5,2025-04-21,Dashen Bank
This is what we call banking app. As professional I want banking app as simple as this and an app rich of features that align with my lifestyle.,5,2025-04-21,Dashen Bank
thanks again,5,2025-04-21,Dashen Bank
Super Easy To Use and Fast Transaction.,5,2025-04-21,Dashen Bank
"I have an incredible experience with Dashen super app, what an amazing platform is it?. keep pioneering in technological advancement 👏👏👏",5,2025-04-21,Dashen Bank
"i can't recommend the Dashen Super App enough! This app is truly a game changer for anyone looking for a seamless and efficient way to manage their daily life. It combines multiple essential services into one easy-to-use platform, saving time and simplifying tasks The user interface is modern, intuitive, and super responsive, making navigation a breeze. Whether it's banking, payment services, or accessing lifestyle features, everything is just a few clicks away!!",5,2025-04-21,Dashen Bank
"The app is incredibly handy for managing multiple financial tasks, from bill payments to managing budgets. It’s saved me a lot of time and made banking way more convenient. Definitely worth checking out!",5,2025-04-21,Dashen Bank
what an App,5,2025-04-21,Dashen Bank
The new e-commerce feature is incredibly amazing and user friendly.,5,2025-04-21,Dashen Bank
"dashen bank supper app is the most easy to use and have high speed,quality and I like features like chat,budget,fuel payment, and security for my opinion this product is techonolgy edge,this international standard thanks for product oweners (dashen bank)",3,2025-04-21,Dashen Bank
"The Dashen supperapp is a revolutionary advancement in digital banking, combining exceptional usability, an intuitive interface and a seamless user experience. among its standout features are the integration of QR codes, account statement, transaction advise, chat, transaction authentication for limit thresholds, budgeting and different app in a single dashboard. Truly ahead of the curve ..... keep up the excellent work 🤝👏",5,2025-04-21,Dashen Bank
"Very impressed with the new updates, The e-commerce section is smooth and supports Ethiopian merchants.",5,2025-04-21,Dashen Bank
"Dashen Bank Super App is fast, reliable, and super easy to use. All my banking needs are handled smoothly in one place. Clean design and seamless experience – highly recommended!",5,2025-04-21,Dashen Bank
"Db sup app is A platform or an application that can grasp more satisfactions through fastest mode of operation which means for budget planning, to use QR code(scan, pay, go) chat with staff, acc to acc other bank ft, merchant payment, and easly. I addition to i satisfied and i invite everyone to use those platform!!.",5,2025-04-21,Dashen Bank
the chat banking and unique and only app that alow money request!!,5,2025-04-21,Dashen Bank
Better and inclusive app!,5,2025-04-21,Dashen Bank
Amazing Application,5,2025-04-21,Dashen Bank
It keep my time to pay my bills and I generate my satment easily,5,2025-04-21,Dashen Bank
"It's an amazing app that is up-to-date with the times, wow wow",5,2025-04-21,Dashen Bank
A game-changing Ethiopian innovation—where shopping meets opportunity. The marketplace feature connects buyers and sellers like never before.,5,2025-04-21,Dashen Bank
"Dashen Super App isn’t just an app — it’s an experience. Effortless, powerful, and built for the future",5,2025-04-21,Dashen Bank
"This Is An Amazing App with Uniqe Quality,Easy And Fast Mobile Banking App.",5,2025-04-21,Dashen Bank
"Dashen SuperApp is a lifesaver! Banking, shopping, and bills in one super easy app. The new e-commerce feature is awesome and supports local merchants. Fast, secure, and proudly Ethiopian.Download it now—you won’t regret it!",5,2025-04-21,Dashen Bank
"Dashen SuperApp blends finance, shopping, and daily services effortlessly. The new e-commerce feature is smooth and supports local merchants—proud to back an Ethiopian-made solution!",5,2025-04-21,Dashen Bank
"A solid step forward by Dashen Bank. The SuperApp combines essential banking features with lifestyle services, making everything accessible in one place. The interface is smooth, and transactions are quick and reliable. It’s clear a lot of thought went into the design and functionality. Great job!",5,2025-04-21,Dashen Bank
Dashen bank super app is the crucial and convenient app in Ethiopia. there is no other app to compare with Dashen bank super app,5,2025-04-21,Dashen Bank
"All-in-one finance & e-commerce super app! Pay, save, shop seamlessly. Fast, secure. #BankAndShop",5,2025-04-21,Dashen Bank
it's a hestorical app. in the bank industry.,5,2025-04-21,Dashen Bank
"A game changer in Ethiopian digital banking fast, secure, and packed with services. Everything you need, all in one powerful app. A true leap toward financial convenience and innovation!",4,2025-04-21,Dashen Bank
"easy &,simple to use",5,2025-04-21,Dashen Bank
"Banking, but make it smart. Local solutions, all in one place. Smooth, fast, and actually saving time. Feels like the future. Love it!",5,2025-04-21,Dashen Bank
"All in one, that is it 👌",5,2025-04-21,Dashen Bank
", Dashen Bank Supper App is multipurpose, convenient, very attractive and Make life easier",5,2025-04-21,Dashen Bank
very easy and flexible app.,5,2025-04-21,Dashen Bank
"I choose Dashen Bank Super Up since, it is easy to use & it has attractive features !",5,2025-04-21,Dashen Bank
dashen super app is simple faster and reliable.,5,2025-04-21,Dashen Bank
"Dashen Bank Super App is a game-changer! The user-friendly design, wide range of services, and smooth performance make it incredibly convenient for everyday banking. It’s fast, secure, and truly reflects the bank’s commitment to digital excellence. Highly recommended!",5,2025-04-21,Dashen Bank
"The app keeps getting better with every update! Smooth performance, great UI, and top-notch security. Thank you for making banking so convenient!""",5,2025-04-21,Dashen Bank
this app is the most simply to use and secure safe i love it to use for any bank transaction,5,2025-04-21,Dashen Bank
"After i download the app recently had a smooth expriance, its user friendly, fast, and everything works as expected. keep up the good work.",5,2025-04-21,Dashen Bank
An app with High performance and advanced features!,5,2025-04-21,Dashen Bank
"It is a very user friendly, attractive user interface, full of useful features. I really encourage everyone to give it a try.",5,2025-04-21,Dashen Bank
"Good actually , but it have to WORK when developer option is on 🙏",5,2025-04-21,Dashen Bank
"All-in-one convenience, From managing accounts to paying bills and shopping online and the chat banking is game changer, this app does it all seamlessly.",5,2025-04-21,Dashen Bank
I appreciate that Dashen Bank takes lifestyle services into account.,5,2025-04-21,Dashen Bank
amazing app really i loved it .that's why we say dashen bank is one stap ahead. It's the best mobile application that should be on every phone.,5,2025-04-21,Dashen Bank
very comfortable app keep it,5,2025-04-21,Dashen Bank
it has clear detail information about the application so it helps customer how to use the app. and it is very easy to use and also app is secure.,5,2025-04-21,Dashen Bank
"I have been using the Dashen Supper app mobile banking app , and overall, I appreciate its features.However,I’ve noticed that when I turn on the developer options on my device, the app stops functioning properly. It would be great if you could look into this issue, as I often need to access developer settings for other applications . Thank you for your attention to this matter!",5,2025-04-21,Dashen Bank
easiness to use with fast response time,5,2025-04-21,Dashen Bank
"The new mobile banking application is a major upgrade! It’s incredibly user-friendly, with a clean and modern design that makes navigation simple and intuitive. I really appreciate how fast it loads and how smooth the overall experience is. All essential services like balance checks, transfers, and bill payments are eas y to find and use. The added security features give me peace of mind, and the app runs reliably without crashes or glitches. It’s clear a lot of thought went into the user experi",5,2025-04-21,Dashen Bank
"As an Internal Customer, Dashen Bank SuperApp has greatly simplified my online banking experience. It's easy to use, allowing me to quickly check balances, transfer money and pay Bills. The app's advanced security features are highly secure, ensuring my data is well protected. The Three click, Chat Banking and IPS features have also given me a smarter experience. In deed Dashen Bank is always steping ahead!",5,2025-04-21,Dashen Bank
"A truly impressive app — user-friendly and a game-changer in Ethiopian banking. The Dashen Super App stands out as one of the most innovative and convenient digital banking solutions in Ethiopia’s financial history. Smooth navigation, seamless features, and a wide range of services all in one place. Well done!",5,2025-04-21,Dashen Bank
dashen bank super up has very fast and convenience and also it has contain more things on one app .I am very interesting to use dashen bank super up,5,2025-04-21,Dashen Bank
"The Dashen Bank Super App has truly elevated my mobile banking experience. It's fast, user-friendly, and packed with all the essential features. The interface is clean and intuitive, making navigation easy even for first-time users. I also appreciate the added security features that give me peace of mind while banking on the go. Dashen Bank has done an amazing job with this app—it’s reliable, efficient, and always improving. Highly recommended for anyone looking for seamless digital banking!",5,2025-04-21,Dashen Bank
A fantastic product!! keep the good work.,5,2025-04-21,Dashen Bank
"I am very impressed with the Dashen super app. It is user-friendly and operates efficiently. The budget and chatbot features are impressive, and all items can be purchased with just three clicks.",5,2025-04-21,Dashen Bank
"The Dashen Super App offers a quick and user-friendly experience, bringing together a variety of services, like budgeting, payments, airtime recharges, and more, all in one convenient platform. Its sleek design and intuitive navigation ensure effortless transactions. It's evident that Dashen Bank has carefully crafted the app to make everyday financial activities easier. A great choice for anyone aiming to streamline their digital routines!",5,2025-04-21,Dashen Bank
Dashen supper App is the most useful app for our customers,5,2025-04-21,Dashen Bank
it is the most amazing mobile app,5,2025-04-21,Dashen Bank
A Good and fast supper app thanks for dashen bank,5,2025-04-21,Dashen Bank
"Dear Users of the Dashen Bank Super App,I have been using the Dashen Bank Super App for a while now, and I must say—it’s truly a game-changer! The app is incredibly fast and reliable; I’ve never encountered any delays with my transactions. One feature I absolutely love is Chat Banking. It makes everyday tasks like checking my balance or transferring money as simple as sending a quick message. Also, the budgeting tool has been a huge help in tracking my spending and giving me a clearer",5,2025-04-21,Dashen Bank
Too best,1,2025-04-21,Dashen Bank
"Dashen Bank Super Up,use the app and makes your easy,fast,convinent.",5,2025-04-21,Dashen Bank
To join digital world use supper app and make your life easy,5,2025-04-21,Dashen Bank
best mobile banking application,5,2025-04-21,Dashen Bank
"This banking superapp is incredibly well designed. The design and appearance of the app and the overall experience I have when using the app is fantastic. The app is packed with features from banking to e-commerce all in one place.It even has a budget setting option which is super useful for managing my money. Everything runs smoothly and I love how convenient it has made my daily life. Huge Kudos to Dashen Bank. You are truly living up to the motto ''Always one step ahead."" Keep it up!",5,2025-04-21,Dashen Bank
I was really amazed by the idea of an e-commerce service on a banking app. This is what it means to be one step ahead. Please include all kinds of products in there as soon as possible.,5,2025-04-21,Dashen Bank
this is what we expect to get service Dashen Bank always like his slogan,5,2025-04-21,Dashen Bank
"Dashen SupApp is the most contemporary application, offering a great experience by enabling users to perform multiple tasks through a single platform—such as chatting with friends, transferring money, paying bills, and more. It is the first app of its kind in the Ethiopian banking industry, making it a remarkable opportunity for entrepreneurs working in app-based sales and software marketing. Good job, Dashen Bank!",5,2025-04-21,Dashen Bank
Dashen Super App gives me an amazing convenience and makes life easy.,5,2025-04-21,Dashen Bank
excellent mobile banking app,5,2025-04-21,Dashen Bank
Wow! like his name Super App...,5,2025-04-21,Dashen Bank
Dashen supper app is the most special. ይምቾቱ ይለያያል!!!!,5,2025-04-21,Dashen Bank
convenient and fast,5,2025-04-21,Dashen Bank
Best- in-class app.,5,2025-04-21,Dashen Bank
I really like this amazing application and Dashen Supper app that has made my life easier.,5,2025-04-21,Dashen Bank
Superb,5,2025-04-21,Dashen Bank
"amazing features, faster and easy to use",5,2025-04-21,Dashen Bank
"The Dashen Super App offers a modern, user-friendly experience that leverages the latest technological advancements to deliver a seamless e-commerce platform",5,2025-04-21,Dashen Bank
Best App!,5,2025-04-21,Dashen Bank
I love it. one of the best mobile banking app in the banking industry,5,2025-04-21,Dashen Bank
I love this app,5,2025-04-21,Dashen Bank
no working for me hulum information asgebiche continue or accept yemilew button ayeseram my phone is Samsung A51,1,2025-04-21,Dashen Bank
waw no idea the best app.,5,2025-04-19,Dashen Bank
fast best app,5,2025-04-19,Dashen Bank
Nice App,5,2025-04-18,Dashen Bank
nice app ever,5,2025-04-17,Dashen Bank
"Feature-rich? Absolutely. But the speed? Painfully slow. Seriously, is it communicating with a server on Mars or something?",5,2025-04-16,Dashen Bank
nic app,5,2025-04-16,Dashen Bank
"The Dashen Super App delivers a remarkably fast, highly secure, and exceptionally user-friendly experience, establishing it as a leading application in its category.keep it up and stay ahead Dashen Bank.",5,2025-04-14,Dashen Bank
So far so good! their in person customer service is amazing 👏,5,2025-04-14,Dashen Bank
The app is very backward and doesn't always work. If it works three hours out of 24 hours it's great!😥,1,2025-04-14,Dashen Bank
ምርጫዬ ነው,5,2025-04-13,Dashen Bank
It's bad for the connection and too many days are it that not working,1,2025-04-12,Dashen Bank
it's samart,5,2025-04-10,Dashen Bank
"The app is not working properly, I have been using it.",1,2025-04-10,Dashen Bank
it is very good app,5,2025-04-10,Dashen Bank
"I had a disappointing experience with Dashen Bank's Super Up service. The app is very slow and takes forever to load during transactions, which is incredibly frustrating. Additionally, it doesn't generate receipts for any transactions, making it difficult to keep track of my expenses. I also reached out to customer support, but the response time was longer than expected. Overall, I was hoping for a better experience, but I find the service lacking and in need of improvement.",2,2025-04-09,Dashen Bank
slow cumbersome,3,2025-04-08,Dashen Bank
Is really 💀,2,2025-04-08,Dashen Bank
It's slow to send OTP. it's not reliable. It crushed many times. It needs improvement in many ways,1,2025-04-07,Dashen Bank
"This is the worst mobile banking experience I’ve ever had. It doesn’t work when you need it, and it randomly updates itself without warning. You can’t make transactions whenever you want. It’s a nightmare for anyone who relies on this as their main banking option, especially those with a lot of money in their account. I’m lucky I’m not one of them, but still, it’s infuriating not being able to access your money when you need it.""l",1,2025-04-07,Dashen Bank
"I have experienced on using the app of Banks in Ethiopia, this Dashen sup is like old version of the applications for using. I gave 3 star for it's very low speed while login and processing",3,2025-04-07,Dashen Bank
proud by dashen bank,5,2025-04-06,Dashen Bank
This app is not working unless you turn off developer mode on your phone. So it takes your rights to just use it.,2,2025-04-04,Dashen Bank
real super up,5,2025-04-04,Dashen Bank
it's very disappointing fix it as soon as possible not expected from dashin bank fix it,1,2025-04-04,Dashen Bank
why dashen bank workers hidden my ATM Card 🏧?it's a big problem to me,5,2025-04-04,Dashen Bank
tanku,5,2025-04-04,Dashen Bank
why does it ask me for both pin and opt even the opt is touch let alone both,2,2025-04-02,Dashen Bank
it is best app easy to use,5,2025-04-01,Dashen Bank
It is very easy to use and powerful application.,3,2025-04-01,Dashen Bank
this apps have a good feature but but some features like developer mode turn off irritate user,3,2025-04-01,Dashen Bank
"This is not only a mobile banking app, it is beyond that. We will access our account easily, we are able to get many information easily here. i.e. exchage rate. We are able to chat with others, we are able to budget, we are able to transfer to other bank and within Dashen. we are able to access many accounts in a single app, we are able to pay bills in QR scan, we are able to make payments and order delivery items here in a single app. #Always one step ahead.",5,2025-03-31,Dashen Bank
wallahi very fantastic Bank,5,2025-03-31,Dashen Bank
"Waw, It's amazing app. thank you Dashen Bank.",5,2025-03-31,Dashen Bank
"I’ve been using the Dashen Bank Super App for a while now, and it’s been a game-changer. The app is super fast and reliable—I’ve never had an issue with transactions being delayed. One of my favorite features is the chat banking, which makes it so easy to do things like check my balance or transfer money just by typing a quick message. The budgeting tool is also really useful. It helps me keep track of my spending and gives me a clear picture of where",5,2025-03-28,Dashen Bank
Very good app that like it too. B/c it is very fast and easy to use.,5,2025-03-26,Dashen Bank
best experiences,5,2025-03-26,Dashen Bank
too slow to use.,1,2025-03-26,Dashen Bank
ጥሩ ነው,5,2025-03-25,Dashen Bank
በጣም ቅልል ያለ አፕ በርቱልን ለአጠቃቀም ምቹ,5,2025-03-22,Dashen Bank
thanks for all digital transaction,5,2025-03-21,Dashen Bank
"This app is not supporting smart phones that have old android version and so it is none inclusive. At the same time the amole lite is not working properly and once you reached to maximum otp trail mistakes due to network or other errors like stacks , you will be tied up to make Transactions. Ohh... tired!!!!!",1,2025-03-20,Dashen Bank
it's Be Come Busy &not working good,1,2025-03-20,Dashen Bank
I wanted to share some concerns about your Supper App. It appears to be experiencing reliability issues and isn’t performing as expected. I hope this can be addressed soon to improve the user experience. One star 🌟 for now.,1,2025-03-19,Dashen Bank
"best ever digital banking sector essay for understanding ,smart and convince for using",5,2025-03-19,Dashen Bank
good and latest,5,2025-03-18,Dashen Bank
The best App of all,5,2025-03-17,Dashen Bank
"This app is the most unreliable mobile banking application I have ever used for transaction, it is very late, non-responsive and full of bugs. Its is very disappointing. It is just inconvinient, and not user friendly and compatabke at all !!!!!!",1,2025-03-14,Dashen Bank
Naiycapp,5,2025-03-14,Dashen Bank
The app is good but it has no USSD option,4,2025-03-13,Dashen Bank
Hey great,5,2025-03-12,Dashen Bank
I have used many mobile banking and also tellebir and mpesa nothing come close to this app. Well done Dashen indeed one step a head. A lot of cool features that amole hasn't the receipt and the account statement is superb for me. I hope you add more integrated small apps to.,5,2025-03-12,Dashen Bank
The app is good but it ask update every week so tiring,2,2025-03-11,Dashen Bank
It good and easy to use,5,2025-03-11,Dashen Bank
በጣም አሪፍ መተግበሪያ ነው ። አመሠግናለሁ ።,5,2025-03-10,Dashen Bank
"Greately improved since it was released! I really like the budget and expense tegistration feature. For ATM or POS withdrawals, it is not possible to account these expenses, even if it is visible on the transactions window. If that can be worked on, it will be improve so much!!",5,2025-03-10,Dashen Bank
Wow Excellent app,5,2025-03-08,Dashen Bank
Nice app but i experience some issues with others banks transfer it keeps saying account is not exist most of the time.,4,2025-03-08,Dashen Bank
Add the option to send money to any telebirr account like amole does.,3,2025-03-08,Dashen Bank
It's best,5,2025-03-08,Dashen Bank
no one dashen yichlal,5,2025-03-07,Dashen Bank
In short ! I'm so proud of this app developers for their highest professional of developing. Thanks,5,2025-03-06,Dashen Bank
The speed is too slow. Need some improvements.,2,2025-03-06,Dashen Bank
Fantastic app,5,2025-03-01,Dashen Bank
I wish dark mode feature is add as an option but it's good app,5,2025-02-27,Dashen Bank
"The Dashen Super App is a game-changer in digital banking, offering a seamless and convenient experience. With its user-friendly interface, fast transactions, and a wide range of financial services, it simplifies banking for customers. Features like bill payments, fund transfers, mobile top-ups, and loan applications make it an all-in-one solution. Plus, its security measures ensure safe and reliable Experiance effortless banking",5,2025-02-26,Dashen Bank
ከጰነጨየጠ,2,2025-02-26,Dashen Bank
"It has good feature. But, it is Very Slow! difficult to pay or receive. The Speed should be improved, else I didn't recommend.",2,2025-02-24,Dashen Bank
Excellent app,5,2025-02-24,Dashen Bank
አፕልኬሽኑ አሪፍ ሆኖ ሳለ ቴሌብር ወደራስ ብቻ ለምን ሆነ እንደ ድሮው ለሰውም መላክ ቢቻል,4,2025-02-22,Dashen Bank
No good,1,2025-02-22,Dashen Bank
Wow amazing app,5,2025-02-21,Dashen Bank
best platform... Please avoid otp,5,2025-02-21,Dashen Bank
Super smart app.,5,2025-02-18,Dashen Bank
best 👍👍,5,2025-02-16,Dashen Bank
I don't know what happens but the application is not send verification pass code you should fix that,1,2025-02-16,Dashen Bank
This app doesn't work on my phone my phone is Samsung Galaxy s7 android version 9 All other financial apps work like telebirr CBE M_pesa...,1,2025-02-14,Dashen Bank
"Dashen Super app is secure, very easy to use and has more services uniquely like budgeting, chat, IPS...",5,2025-02-14,Dashen Bank
Amazing and user friendly supper app and looking forward the additional features,5,2025-02-14,Dashen Bank
it's amazing app i have seen ever,5,2025-02-13,Dashen Bank
ጥሩ ነው ግን በደንብ ሊሸሻል ይገባል,4,2025-02-13,Dashen Bank
ፍጥነቱ በጣም አሪፍ ነው! እና ቀለል ያለ ነው ! ነገር ግን ተጨማሪ ወደ ቴሌብር ኤጀንት መላኪያ አፕ ቢካተትበት ጥሩ ነው::,4,2025-02-12,Dashen Bank
Keep up the good work and pleas add water and electric utility payment,5,2025-02-12,Dashen Bank
The app missed some important features 1. It does't show recent transactions 2. Transfer to Telebirr limited to own telebirr 3. The statement does't show running balance,2,2025-02-11,Dashen Bank
"Simple, Fast and Easy ⭐⭐⭐🎉",4,2025-02-10,Dashen Bank
"የሚገርም aplication ነው, ነገር ግን ብር ትራንስፈር ሲደረግ ያለ ፒን መሆኑ risk አለው ሁሉ ጊዜ የ ትራንስፈር መደምደሚያ ፒን መሆን አለበት!!!!!!!!!!!!:: አሱ ቢስተካከል 5 star አስከዛው ግን 4 ሰጥቻለው::",4,2025-02-09,Dashen Bank
Baankii daashin baankii hudna galeessa galatoomaa isinii woliin jirra Godina jimmaa magaalaa Aggaaroo irraa Muaz Abamecha Abamilki,5,2025-02-07,Dashen Bank
It doesn't work,1,2025-02-07,Dashen Bank
"#Dashen Super App; Super easy to use, secure, and fast transaction. Love it!",5,2025-02-07,Dashen Bank
"I tried the new Dash Bank Super App today, and it's amazingly easy and fun.I recommend you download and use it. You really like it",5,2025-02-06,Dashen Bank
Gud app kegza ga mezmn endze new aind ermjh kedme nachu hlam,5,2025-02-06,Dashen Bank
On Transaction page only show sent Transaction. Try to include received transaction.,4,2025-02-06,Dashen Bank
Wonderful Application 😍,5,2025-02-05,Dashen Bank
I loved it,5,2025-02-05,Dashen Bank
አሁን ገና አንድ እርምጃ ቀደማችው,5,2025-02-04,Dashen Bank
I am so thankful for having this best app Dashen one step ahead,5,2025-02-04,Dashen Bank
Not good this app,1,2025-02-04,Dashen Bank
Excellent app ever but it needs improvement on speed and transaction lists,1,2025-02-03,Dashen Bank
Perfect,5,2025-02-02,Dashen Bank
"It does not work functional ,",1,2025-02-02,Dashen Bank
Ok,5,2025-02-02,Dashen Bank
all of dashen bank customers use the application it is good to use,5,2025-02-01,Dashen Bank
Gret experience,5,2025-02-01,Dashen Bank
All good we need more,3,2025-01-31,Dashen Bank
"Dashen super app is easy to use, fast and robust",5,2025-01-31,Dashen Bank
it was amazing app.....thank you dashen bank....,5,2025-01-30,Dashen Bank
Excellent UI/UX and beyond Banking services👍👍,5,2025-01-30,Dashen Bank
Send to oher bank የሚለዉ ዉስጥ ገብተን ወደ addisinternational bank ለመላክ አይሰራም ሁለተኛ ደግሞ ወደ cbe birr ለመላክ account number ይጠይቃል ሞባይል ነበር ነዉ መጠየቅ ያለበት ይመስለኛል,2,2025-01-29,Dashen Bank
Just Wow,5,2025-01-29,Dashen Bank
mobile banking to the next level,5,2025-01-28,Dashen Bank
The first 3 star review is me,3,2025-01-25,Dashen Bank
Is not working,1,2025-01-25,Dashen Bank
"Fast, reliable and user friendly. Amazing chatting features. Keep it up! Always one step ahead!",5,2025-01-24,Dashen Bank
"This app is literally the best thing ever The chat banking is so easy just text and it’s done Super smooth, fast, and honestly a life saverIf you haven’t downloaded it yet you’re missing out big time",5,2025-01-23,Dashen Bank
I only see white page,2,2025-01-23,Dashen Bank
Excellent banking app for all your needs! Who needs a physical branch when you can use Dashen Bank Super App Instead! I've never had an issue with anything that Dashen Bank Super App haven't handled swiftly and resolved to my satisfaction and above I don't often write reviews but this is an app/bank that I would highly recommended to everyone 💯 👌👍,5,2025-01-22,Dashen Bank
Amizing Application 😍,5,2025-01-22,Dashen Bank
Fastest and easy to use,5,2025-01-22,Dashen Bank
ስም ብቻ 😏,2,2025-01-21,Dashen Bank
Exellent app with exellent banking system and exellent bank ever,5,2025-01-21,Dashen Bank
Amazing app to use as usual! But why option of transferring to Telebirr and M pesa which was available on Amole app is omitted?? Dasheen is my favourite keep it up.,4,2025-01-20,Dashen Bank
Needs some improvement,5,2025-01-20,Dashen Bank
Amazing super app,5,2025-01-19,Dashen Bank
I hope it will be better than amole,5,2025-01-18,Dashen Bank
Wly Super App ilove it ❤️ 😍 💖 💕,5,2025-01-18,Dashen Bank
Dashen yichalal. Ewnetem one step a head,5,2025-01-17,Dashen Bank
It has a Good performance but need more upgrade for more performance like when we login account not be fast balance show other thing looking good. Carry on. Thanks so much for Greatest service,4,2025-01-17,Dashen Bank
"It is a very wonderful work that has saved its time. That is why it is ""Always one step ahead!""",5,2025-01-17,Dashen Bank
“Life-changing!” I can’t imagine going back to traditional banking after using this app. It’s so convenient.,5,2025-01-17,Dashen Bank
Pro max,5,2025-01-17,Dashen Bank
The most good app and easy,5,2025-01-16,Dashen Bank
"Excellent and user friendly App. Excellence is what makes you always one step ahead. Dashen Bank, Always One Step Ahead !!",5,2025-01-16,Dashen Bank
Proud to be dashen family . Shout out to the serial entrepreneur 👏,5,2025-01-16,Dashen Bank
Excellent app.,5,2025-01-16,Dashen Bank
First ATM in East africa ⭐️⭐️⭐️⭐️⭐️,5,2025-01-16,Dashen Bank
Best app.,5,2025-01-16,Dashen Bank
"Great job my home, my bank.",5,2025-01-16,Dashen Bank
Great App Well done Dashen Bank,5,2025-01-15,Dashen Bank
Great!,5,2025-01-15,Dashen Bank
"I love it but it has bugs during confirmation of password! So, please make it functional",5,2025-01-15,Dashen Bank
"It's great! But it will be advanced if you include a caption that allow customers to transfer to Telebirr account. Dashen Bank, ""ኩሉ ግዜ፡ ሓደ ስጕሚ ቀዳሚ።"" (Always one step ahead!)",4,2025-01-15,Dashen Bank
Small size with vast features and functionalities.,5,2025-01-15,Dashen Bank
Amazing app 👏 👌 Dashen bank one step a head,5,2025-01-15,Dashen Bank
"It has a great application features from the beginning. I'm glad to use it even I haven't used it yet because I haven't activated my account yet. But it's simple, comprehensive, full of information, and fast. በርቱ ዳሸኖች: The super app has impressed me more than I expected.",5,2025-01-15,Dashen Bank
Dashen Bank Always One Step Ahead!,5,2025-01-15,Dashen Bank
U can't create account,1,2025-01-15,Dashen Bank
Really super app... so seamless and with a nice user interface .. we are proud of you dashen bank ...,5,2025-01-15,Dashen Bank
We will see it,2,2025-01-15,Dashen Bank
Always one step a head!,5,2025-01-15,Dashen Bank
"A lightweight,catchy and smooth app",5,2025-01-15,Dashen Bank
Very impressive interface with best security feature and user friendly app.,5,2025-01-15,Dashen Bank
It is so far so good it has a unique features than telebirr good job Dashen,5,2025-01-15,Dashen Bank
"Yea , it's a good idea to make it with the bank name, it will help for the bank easily to find the application, and customers can easily downloed and use the product. I wish all the best for Dashen bank initiative.",5,2025-01-15,Dashen Bank
This is My Bank!,5,2025-01-15,Dashen Bank
"Truly, db => AlwaysOneStepAhead !!",5,2025-01-14,Dashen Bank
ALWAYS ONE STEP AHEAD,5,2025-01-14,Dashen Bank
Well developed,5,2025-01-14,Dashen Bank
oh nice!!! i wish it's very nice app,5,2025-01-14,Dashen Bank
Really the app looks like amazing. I can't wait to activate in the morning.,5,2025-01-14,Dashen Bank
Applause 👏 Dashen Bank. One of the best super app inorder to pay easily and securely. One step a head.,5,2025-01-14,Dashen Bank
Wow Dashen Super App 🚀🚀,5,2025-01-14,Dashen Bank
All in One,5,2025-01-14,Dashen Bank
The best Banking app I have ever seen,5,2025-01-14,Dashen Bank
It looks good and simple to use,5,2025-01-14,Dashen Bank
App That makes Difference!,5,2025-01-14,Dashen Bank
Faster and userfriendly,5,2025-01-14,Dashen Bank
"Waw Great and innovated,user friendly, always one step ahead",5,2025-01-13,Dashen Bank
It's Best waww 🙏,5,2025-01-13,Dashen Bank
Always one step ahead,5,2025-01-13,Dashen Bank
"Like Me, I Hope It Works Better Than Before.",5,2025-01-11,Dashen Bank
